{
    "CameraComponent": {
        "Fov": 45.0,
        "Front": [
            -0.4950963258743286,
            -0.7134953141212463,
            -0.4957863688468933
        ],
        "Up": [
            0.0,
            1.0,
            0.0
        ],
        "ViewportId": 0
    },
    "CameraZoomControllerComponent": {
        "MaxZoom": 45.0,
        "MinZoom": 1.0,
        "ZoomSpeed": 100.0
    },
    "FPSCameraControllerComponent": {
        "Speed": 2.5
    },
    "FreeLookControllerComponent": {
        "MouseSensitivity": 0.07999999821186066
    },
    "TransformComponent": {
        "Position": [
            4.256966590881348,
            14.047253608703613,
            8.377970695495605
        ],
        "Rotation": [
            -45.52001953125,
            -134.96009826660156,
            0.0
        ],
        "Scale": [
            1.0,
            1.0,
            1.0
        ]
    }
}