{
    "DirectionalLightComponent": {
        "Ambient": [
            0.07000000029802322,
            0.07000000029802322,
            0.07000000029802322
        ],
        "Diffuse": [
            0.4000000059604645,
            0.4000000059604645,
            0.4000000059604645
        ],
        "Direction": [
            0.20738999545574188,
            -0.8295609951019287,
            -0.5184760093688965
        ],
        "Specular": [
            0.5,
            0.5,
            0.5
        ]
    }
}