{
    "DirectionalLightComponent": {
        "Ambient": [
            0.07000000029802322,
            0.07000000029802322,
            0.07000000029802322
        ],
        "Diffuse": [
            0.10000000149011612,
            0.10000000149011612,
            0.10000000149011612
        ],
        "Direction": [
            -0.5773500204086304,
            -0.5773500204086304,
            -0.5773500204086304
        ],
        "Specular": [
            0.30000001192092896,
            0.30000001192092896,
            0.30000001192092896
        ]
    }
}