{
    "CameraComponent": {
        "FOV": 45.0,
        "Front": [
            -0.6765649914741516,
            -0.5934193134307861,
            -0.43602004647254944
        ],
        "Up": [
            0.0,
            1.0,
            0.0
        ],
        "ViewportID": 0
    },
    "CameraZoomControllerComponent": {
        "MaxZoom": 45.0,
        "MinZoom": 1.0,
        "ZoomSpeed": 100.0
    },
    "FPSCameraControllerComponent": {
        "Speed": 2.5
    },
    "FreeLookControllerComponent": {
        "MouseSensitivity": 0.07999999821186066
    },
    "TransformComponent": {
        "Position": [
            2.72685170173645,
            4.44364070892334,
            2.0168116092681885
        ],
        "Rotation": [
            -36.400028228759766,
            -147.1997833251953,
            0.0
        ],
        "Scale": [
            1.0,
            1.0,
            1.0
        ]
    }
}