{
    "DirectionalLightComponent": {
        "Ambient": [0.07, 0.07, 0.07],
        "Diffuse": [0.4, 0.4, 0.4],
        "Specular": [0.5, 0.5, 0.5],
        "Intensity": 5,
        "Direction": [0.20739, -0.829561, -0.518476]
    }
}