{
    "CameraComponent": {
        "Fov": 45.0,
        "Front": [
            0.5236524939537048,
            -0.5132419466972351,
            0.6799784898757935
        ],
        "Up": [
            0.0,
            1.0,
            0.0
        ],
        "ViewportId": 0
    },
    "CameraZoomControllerComponent": {
        "MaxZoom": 45.0,
        "MinZoom": 1.0,
        "ZoomSpeed": 100.0
    },
    "FPSCameraControllerComponent": {
        "Speed": 2.5
    },
    "FreeLookControllerComponent": {
        "MouseSensitivity": 0.07999999821186066
    },
    "ID": 2,
    "NameComponent": {
        "Name": "Camera"
    },
    "ParentID": 0,
    "TransformComponent": {
        "Position": [
            -7.0,
            10.0,
            -7.0
        ],
        "Rotation": [
            -30.880016326904297,
            52.40007400512695,
            0.0
        ],
        "Scale": [
            1.0,
            1.0,
            1.0
        ]
    }
}