{
    "ColliderRendererComponent": {},
    "ID": 21,
    "NameComponent": {
        "Name": "Sublight3\u0000of Sublight2\u0000of SubLight1\u0000\u0000\u0000\u0000\u0000\u0000\u0000\u0000\u0000\u0000\u0000\u0000\u0000\u0000\u0000\u0000\u0000\u0000\u0000\u0000\u0000\u0000\u0000\u0000\u0000\u0000\u0000\u0000\u0000\u0000\u0000\u0000\u0000\u0000\u0000\u0000\u0000\u0000\u0000\u0000\u0000\u0000\u0000\u0000\u0000\u0000\u0000\u0000\u0000\u0000\u0000\u0000\u0000\u0000\u0000\u0000\u0000\u0000\u0000\u0000\u0000\u0000\u0000\u0000\u0000\u0000\u0000\u0000\u0000\u0000\u0000\u0000\u0000\u0000\u0000\u0000\u0000\u0000\u0000\u0000\u0000\u0000\u0000\u0000\u0000\u0000\u0000\u0000\u0000\u0000\u0000\u0000\u0000\u0000\u0000\u0000\u0000\u0000\u0000\u0000\u0000\u0000\u0000\u0000\u0000\u0000\u0000\u0000\u0000\u0000\u0000\u0000\u0000\u0000\u0000\u0000\u0000\u0000\u0000\u0000\u0000\u0000\u0000\u0000\u0000\u0000\u0000\u0000\u0000\u0000\u0000\u0000\u0000\u0000\u0000\u0000\u0000\u0000\u0000\u0000\u0000\u0000\u0000\u0000\u0000\u0000\u0000\u0000\u0000\u0000\u0000\u0000\u0000\u0000\u0000\u0000\u0000\u0000\u0000\u0000\u0000\u0000\u0000\u0000\u0000\u0000\u0000\u0000\u0000\u0000\u0000\u0000\u0000\u0000\u0000\u0000\u0000\u0000\u0000\u0000\u0000\u0000\u0000\u0000\u0000\u0000\u0000\u0000\u0000\u0000\u0000\u0000\u0000\u0000\u0000\u0000\u0000\u0000\u0000\u0000\u0000\u0000\u0000\u0000\u0000\u0000\u0000\u0000\u0000\u0000\u0000\u0000\u0000\u0000\u0000\u0000\u0000\u0000\u0000\u0000\u0000"
    },
    "OutlineRendererComponent": {
        "Color": [
            0.9200000166893005,
            0.6700000166893005,
            0.20000000298023224
        ]
    },
    "ParentID": 0,
    "PointLightComponent": {
        "Ambient": [
            0.039215683937072754,
            0.03748558089137077,
            0.03748558089137077
        ],
        "Diffuse": [
            0.28921568393707275,
            0.2792915999889374,
            0.2792915999889374
        ],
        "Intensity": 1.0,
        "Specular": [
            0.9509803652763367,
            0.9323337078094482,
            0.9323337078094482
        ]
    },
    "TransformComponent": {
        "Position": [
            -11.0,
            8.0,
            -10.0
        ],
        "Rotation": [
            0.0,
            0.0,
            0.0
        ],
        "Scale": [
            1.0,
            1.0,
            1.0
        ]
    }
}