{
    "ColliderRendererComponent": {},
    "ID": 23,
    "NameComponent": {
        "Name": "FireParticles\u0000\u0000\u0000\u0000\u0000\u0000\u0000\u0000\u0000\u0000\u0000\u0000\u0000\u0000\u0000\u0000\u0000\u0000\u0000\u0000\u0000\u0000\u0000\u0000\u0000\u0000\u0000\u0000\u0000\u0000\u0000\u0000\u0000\u0000\u0000\u0000\u0000\u0000\u0000\u0000\u0000\u0000\u0000\u0000\u0000\u0000\u0000\u0000\u0000\u0000\u0000\u0000\u0000\u0000\u0000\u0000\u0000\u0000\u0000\u0000\u0000\u0000\u0000\u0000\u0000\u0000\u0000\u0000\u0000\u0000\u0000\u0000\u0000\u0000\u0000\u0000\u0000\u0000\u0000\u0000\u0000\u0000\u0000\u0000\u0000\u0000\u0000\u0000\u0000\u0000\u0000\u0000\u0000\u0000\u0000\u0000\u0000\u0000\u0000\u0000\u0000\u0000\u0000\u0000\u0000\u0000\u0000\u0000\u0000\u0000\u0000\u0000\u0000\u0000\u0000\u0000\u0000\u0000\u0000\u0000\u0000\u0000\u0000\u0000\u0000\u0000\u0000\u0000\u0000\u0000\u0000\u0000\u0000\u0000\u0000\u0000\u0000\u0000\u0000\u0000\u0000\u0000\u0000\u0000\u0000\u0000\u0000\u0000\u0000\u0000\u0000\u0000\u0000\u0000\u0000\u0000\u0000\u0000\u0000\u0000\u0000\u0000\u0000\u0000\u0000\u0000\u0000\u0000\u0000\u0000\u0000\u0000\u0000\u0000\u0000\u0000\u0000\u0000\u0000\u0000\u0000\u0000\u0000\u0000\u0000\u0000\u0000\u0000\u0000\u0000\u0000\u0000\u0000\u0000\u0000\u0000\u0000\u0000\u0000\u0000\u0000\u0000\u0000\u0000\u0000\u0000\u0000\u0000\u0000\u0000\u0000\u0000\u0000\u0000\u0000\u0000\u0000\u0000\u0000\u0000\u0000\u0000\u0000\u0000\u0000\u0000\u0000\u0000\u0000\u0000\u0000\u0000\u0000\u0000\u0000\u0000\u0000\u0000\u0000\u0000\u0000\u0000\u0000"
    },
    "OutlineRendererComponent": {
        "Color": [
            0.9200000166893005,
            0.6700000166893005,
            0.20000000298023224
        ]
    },
    "ParentID": 0,
    "ParticleEmitterComponent": {
        "Additive": true,
        "ColorOverLifetime": {
            "Enabled": true,
            "Gradient": {
                "End": [
                    0.886274516582489,
                    0.49803921580314636,
                    0.054901961237192154,
                    0.11764705926179886
                ],
                "Start": [
                    0.9529411792755127,
                    0.09019608050584793,
                    0.03921568766236305,
                    0.03921568766236305
                ]
            }
        },
        "Emission": {
            "Enabled": true,
            "SpawnRate": 1000.0
        },
        "Main": {
            "Duration": 5.0,
            "Enabled": true,
            "Loop": true,
            "MaxParticles": 1000,
            "StartColor": [
                1.0,
                1.0,
                1.0,
                0.3921568691730499
            ],
            "StartLifetime": 0.5,
            "StartSize": [
                0.05000000074505806,
                0.05000000074505806
            ],
            "StartVelocity": 2.0
        },
        "Shape": {
            "Angle": 6.0,
            "Arc": 360.0,
            "Enabled": true,
            "Radius": 0.20000000298023224,
            "RandomPositionOffset": 0.0,
            "RandomizeDirection": 0.0,
            "Scale": [
                1.0,
                1.0,
                1.0
            ],
            "SpawnMode": "Random",
            "Type": "Cone"
        },
        "SizeOverLifetime": {
            "Enabled": false,
            "Modifier": {
                "CurveShape": "Constant",
                "Max": 1.0,
                "Min": 1.0
            }
        },
        "Texture": {
            "Resource": "."
        },
        "VelocityOverLifetime": {
            "Enabled": false,
            "Modifier": {
                "CurveShape": "Constant",
                "Max": 1.0,
                "Min": 1.0
            }
        }
    },
    "TransformComponent": {
        "Position": [
            0.0,
            -0.10000000149011612,
            0.0
        ],
        "Rotation": [
            60.0,
            0.0,
            0.4650000035762787
        ],
        "Scale": [
            1.0,
            1.0,
            1.0
        ]
    }
}