{
    "ColliderRendererComponent": {},
    "ID": 21,
    "NameComponent": {
        "Name": "SmokeSpawner\u0000\u0000\u0000\u0000\u0000\u0000\u0000\u0000\u0000\u0000\u0000\u0000\u0000\u0000\u0000\u0000\u0000\u0000\u0000\u0000\u0000\u0000\u0000\u0000\u0000\u0000\u0000\u0000\u0000\u0000\u0000\u0000\u0000\u0000\u0000\u0000\u0000\u0000\u0000\u0000\u0000\u0000\u0000\u0000\u0000\u0000\u0000\u0000\u0000\u0000\u0000\u0000\u0000\u0000\u0000\u0000\u0000\u0000\u0000\u0000\u0000\u0000\u0000\u0000\u0000\u0000\u0000\u0000\u0000\u0000\u0000\u0000\u0000\u0000\u0000\u0000\u0000\u0000\u0000\u0000\u0000\u0000\u0000\u0000\u0000\u0000\u0000\u0000\u0000\u0000\u0000\u0000\u0000\u0000\u0000\u0000\u0000\u0000\u0000\u0000\u0000\u0000\u0000\u0000\u0000\u0000\u0000\u0000\u0000\u0000\u0000\u0000\u0000\u0000\u0000\u0000\u0000\u0000\u0000\u0000\u0000\u0000\u0000\u0000\u0000\u0000\u0000\u0000\u0000\u0000\u0000\u0000\u0000\u0000\u0000\u0000\u0000\u0000\u0000\u0000\u0000\u0000\u0000\u0000\u0000\u0000\u0000\u0000\u0000\u0000\u0000\u0000\u0000\u0000\u0000\u0000\u0000\u0000\u0000\u0000\u0000\u0000\u0000\u0000\u0000\u0000\u0000\u0000\u0000\u0000\u0000\u0000\u0000\u0000\u0000\u0000\u0000\u0000\u0000\u0000\u0000\u0000\u0000\u0000\u0000\u0000\u0000\u0000\u0000\u0000\u0000\u0000\u0000\u0000\u0000\u0000\u0000\u0000\u0000\u0000\u0000\u0000\u0000\u0000\u0000\u0000\u0000\u0000\u0000\u0000\u0000\u0000\u0000\u0000\u0000\u0000\u0000\u0000\u0000\u0000\u0000\u0000\u0000\u0000\u0000\u0000\u0000\u0000\u0000\u0000\u0000\u0000\u0000\u0000\u0000\u0000\u0000\u0000\u0000\u0000\u0000\u0000\u0000\u0000"
    },
    "OutlineRendererComponent": {
        "Color": [
            0.9200000166893005,
            0.6700000166893005,
            0.20000000298023224
        ]
    },
    "ParentID": 0,
    "ParticleEmitterComponent": {
        "Additive": true,
        "ColorOverLifetime": {
            "Enabled": true,
            "Gradient": {
                "End": [
                    0.39215683937072754,
                    0.3479430675506592,
                    0.3479430675506592,
                    0.0
                ],
                "Start": [
                    0.029411792755126953,
                    0.02926761843264103,
                    0.02926761843264103,
                    1.0
                ]
            }
        },
        "Emission": {
            "Enabled": true,
            "SpawnRate": 5.0
        },
        "Main": {
            "Duration": 20.0,
            "Enabled": true,
            "Loop": true,
            "MaxParticles": 1000,
            "StartColor": [
                0.970588207244873,
                0.9705784916877747,
                0.9705784916877747,
                1.0
            ],
            "StartLifetime": 10.0,
            "StartSize": [
                1.0,
                1.0
            ],
            "StartVelocity": 1.0
        },
        "Shape": {
            "Angle": 5.0,
            "Arc": 360.0,
            "Enabled": true,
            "Radius": 0.15000000596046448,
            "RandomPositionOffset": 0.0,
            "RandomizeDirection": 0.0,
            "Scale": [
                1.0,
                1.0,
                1.0
            ],
            "SpawnMode": "Random",
            "Type": "Cone"
        },
        "SizeOverLifetime": {
            "Enabled": true,
            "Modifier": {
                "CurveShape": "LinearUp",
                "Max": 1.0,
                "Min": 0.20000000298023224
            }
        },
        "Texture": {
            "Resource": "assets\\textures\\smoke.tex"
        },
        "VelocityOverLifetime": {
            "Enabled": true,
            "Modifier": {
                "CurveShape": "LinearUp",
                "Max": 1.0,
                "Min": 0.20000000298023224
            }
        }
    },
    "TransformComponent": {
        "Position": [
            0.0,
            0.0,
            0.0
        ],
        "Rotation": [
            0.0,
            0.0,
            0.4650000035762787
        ],
        "Scale": [
            1.0,
            1.0,
            1.0
        ]
    }
}