{
    "CameraComponent": {
        "FOV": 45.0,
        "Front": [
            0.9420574903488159,
            0.0,
            -0.33545148372650146
        ],
        "Up": [
            0.0,
            1.0,
            0.0
        ]
    },
    "CameraZoomControllerComponent": {
        "MaxZoom": 45.0,
        "MinZoom": 1.0,
        "ZoomSpeed": 100.0
    },
    "FPSCameraControllerComponent": {
        "Speed": 2.5
    },
    "FreeLookControllerComponent": {
        "MouseSensitivity": 0.07999999821186066
    },
    "TransformComponent": {
        "Position": [
            2.1034417152404785,
            -0.0008157091797329485,
            3.681227207183838
        ],
        "Rotation": [
            0.0,
            -19.599994659423828,
            0.0
        ],
        "Scale": [
            1.0,
            1.0,
            1.0
        ]
    }
}