{
    "CameraComponent": {
        "Fov": 45.0,
        "Front": [
            0.5236524939537048,
            -0.5132419466972351,
            0.6799784898757935
        ],
        "Skybox": {
            "Resource": "assets\\skyboxes\\ice_sea.cm"
        },
        "Up": [
            0.0,
            1.0,
            0.0
        ],
        "ViewportId": 1
    },
    "CameraZoomControllerComponent": {
        "MaxZoom": 45.0,
        "MinZoom": 1.0,
        "ZoomSpeed": 100.0
    },
    "FPSCameraControllerComponent": {
        "Speed": 2.5
    },
    "FreeLookControllerComponent": {
        "MouseSensitivity": 0.07999999821186066
    },
    "ID": 2,
    "NameComponent": {
        "Name": "Main Camera\u0000\u0000\u0000\u0000\u0000\u0000\u0000\u0000\u0000\u0000\u0000\u0000\u0000\u0000\u0000\u0000\u0000\u0000\u0000\u0000\u0000\u0000\u0000\u0000\u0000\u0000\u0000\u0000\u0000\u0000\u0000\u0000\u0000\u0000\u0000\u0000\u0000\u0000\u0000\u0000\u0000\u0000\u0000\u0000\u0000\u0000\u0000\u0000\u0000\u0000\u0000\u0000\u0000\u0000\u0000\u0000\u0000\u0000\u0000\u0000\u0000\u0000\u0000\u0000\u0000\u0000\u0000\u0000\u0000\u0000\u0000\u0000\u0000\u0000\u0000\u0000\u0000\u0000\u0000\u0000\u0000\u0000\u0000\u0000\u0000\u0000\u0000\u0000\u0000\u0000\u0000\u0000\u0000\u0000\u0000\u0000\u0000\u0000\u0000\u0000\u0000\u0000\u0000\u0000\u0000\u0000\u0000\u0000\u0000\u0000\u0000\u0000\u0000\u0000\u0000\u0000\u0000\u0000\u0000\u0000\u0000\u0000\u0000\u0000\u0000\u0000\u0000\u0000\u0000\u0000\u0000\u0000\u0000\u0000\u0000\u0000\u0000\u0000\u0000\u0000\u0000\u0000\u0000\u0000\u0000\u0000\u0000\u0000\u0000\u0000\u0000\u0000\u0000\u0000\u0000\u0000\u0000\u0000\u0000\u0000\u0000\u0000\u0000\u0000\u0000\u0000\u0000\u0000\u0000\u0000\u0000\u0000\u0000\u0000\u0000\u0000\u0000\u0000\u0000\u0000\u0000\u0000\u0000\u0000\u0000\u0000\u0000\u0000\u0000\u0000\u0000\u0000\u0000\u0000\u0000\u0000\u0000\u0000\u0000\u0000\u0000\u0000\u0000\u0000\u0000\u0000\u0000\u0000\u0000\u0000\u0000\u0000\u0000\u0000\u0000\u0000\u0000\u0000\u0000\u0000\u0000\u0000\u0000\u0000\u0000\u0000\u0000\u0000\u0000\u0000\u0000\u0000\u0000\u0000\u0000\u0000\u0000\u0000\u0000\u0000\u0000\u0000\u0000\u0000\u0000"
    },
    "ParentID": 0,
    "TransformComponent": {
        "Position": [
            -10.556685447692871,
            13.229742050170898,
            -11.077681541442871
        ],
        "Rotation": [
            -30.880016326904297,
            52.40007400512695,
            0.0
        ],
        "Scale": [
            1.0,
            1.0,
            1.0
        ]
    }
}