{
    "ID": 17,
    "NameComponent": {
        "Name": "ParticleSpawner\u0000\u0000\u0000\u0000\u0000\u0000\u0000\u0000\u0000\u0000\u0000\u0000\u0000\u0000\u0000\u0000\u0000\u0000\u0000\u0000\u0000\u0000\u0000\u0000\u0000\u0000\u0000\u0000\u0000\u0000\u0000\u0000\u0000\u0000\u0000\u0000\u0000\u0000\u0000\u0000\u0000\u0000\u0000\u0000\u0000\u0000\u0000\u0000\u0000\u0000\u0000\u0000\u0000\u0000\u0000\u0000\u0000\u0000\u0000\u0000\u0000\u0000\u0000\u0000\u0000\u0000\u0000\u0000\u0000\u0000\u0000\u0000\u0000\u0000\u0000\u0000\u0000\u0000\u0000\u0000\u0000\u0000\u0000\u0000\u0000\u0000\u0000\u0000\u0000\u0000\u0000\u0000\u0000\u0000\u0000\u0000\u0000\u0000\u0000\u0000\u0000\u0000\u0000\u0000\u0000\u0000\u0000\u0000\u0000\u0000\u0000\u0000\u0000\u0000\u0000\u0000\u0000\u0000\u0000\u0000\u0000\u0000\u0000\u0000\u0000\u0000\u0000\u0000\u0000\u0000\u0000\u0000\u0000\u0000\u0000\u0000\u0000\u0000\u0000\u0000\u0000\u0000\u0000\u0000\u0000\u0000\u0000\u0000\u0000\u0000\u0000\u0000\u0000\u0000\u0000\u0000\u0000\u0000\u0000\u0000\u0000\u0000\u0000\u0000\u0000\u0000\u0000\u0000\u0000\u0000\u0000\u0000\u0000\u0000\u0000\u0000\u0000\u0000\u0000\u0000\u0000\u0000\u0000\u0000\u0000\u0000\u0000\u0000\u0000\u0000\u0000\u0000\u0000\u0000\u0000\u0000\u0000\u0000\u0000\u0000\u0000\u0000\u0000\u0000\u0000\u0000\u0000\u0000\u0000\u0000\u0000\u0000\u0000\u0000\u0000\u0000\u0000\u0000\u0000\u0000\u0000\u0000\u0000\u0000\u0000\u0000\u0000\u0000\u0000\u0000\u0000\u0000\u0000\u0000\u0000\u0000\u0000\u0000\u0000\u0000\u0000"
    },
    "ParentID": 0,
    "ParticleEmitterComponent": {
        "Additive": true,
        "ColorOverLifetime": {
            "Enabled": true,
            "Gradient": {
                "End": [
                    0.5843137502670288,
                    0.9764705896377563,
                    0.027450980618596077,
                    0.03921568766236305
                ],
                "Start": [
                    0.8872548937797546,
                    0.055645350366830826,
                    0.030445031821727753,
                    1.0
                ]
            }
        },
        "Emission": {
            "Enabled": true,
            "SpawnRate": 38.0
        },
        "Main": {
            "Duration": 3.0,
            "Enabled": false,
            "Loop": true,
            "MaxParticles": 1250,
            "StartColor": [
                9.999899930335232e-07,
                9.999999974752427e-07,
                9.999899930335232e-07,
                1.0
            ],
            "StartLifetime": 5.0,
            "StartSize": [
                0.5,
                0.5
            ],
            "StartVelocity": 1.0
        },
        "Shape": {
            "Angle": 60.0,
            "Arc": 360.0,
            "Enabled": true,
            "Radius": 1.0,
            "RandomPositionOffset": 0.0,
            "RandomizeDirection": 1.0,
            "Scale": [
                1.0,
                1.0,
                1.0
            ],
            "SpawnMode": "Random",
            "Type": "Sphere"
        },
        "SizeOverLifetime": {
            "Enabled": true,
            "Modifier": {
                "CurveShape": "LinearUp",
                "Max": 0.5,
                "Min": 1.0
            }
        },
        "VelocityOverLifetime": {
            "Enabled": false,
            "Modifier": {
                "CurveShape": "Constant",
                "Max": 1.0,
                "Min": 1.0
            }
        }
    },
    "TransformComponent": {
        "Position": [
            0.0,
            0.0,
            0.0
        ],
        "Rotation": [
            0.0,
            0.0,
            0.0
        ],
        "Scale": [
            1.0,
            1.0,
            1.0
        ]
    }
}