{
    "ColliderRendererComponent": {},
    "ID": 11,
    "NameComponent": {
        "Name": "Portal Particles\u0000\u0000\u0000\u0000\u0000\u0000\u0000\u0000\u0000\u0000\u0000\u0000\u0000\u0000\u0000\u0000\u0000\u0000\u0000\u0000\u0000\u0000\u0000\u0000\u0000\u0000\u0000\u0000\u0000\u0000\u0000\u0000\u0000\u0000\u0000\u0000\u0000\u0000\u0000\u0000\u0000\u0000\u0000\u0000\u0000\u0000\u0000\u0000\u0000\u0000\u0000\u0000\u0000\u0000\u0000\u0000\u0000\u0000\u0000\u0000\u0000\u0000\u0000\u0000\u0000\u0000\u0000\u0000\u0000\u0000\u0000\u0000\u0000\u0000\u0000\u0000\u0000\u0000\u0000\u0000\u0000\u0000\u0000\u0000\u0000\u0000\u0000\u0000\u0000\u0000\u0000\u0000\u0000\u0000\u0000\u0000\u0000\u0000\u0000\u0000\u0000\u0000\u0000\u0000\u0000\u0000\u0000\u0000\u0000\u0000\u0000\u0000\u0000\u0000\u0000\u0000\u0000\u0000\u0000\u0000\u0000\u0000\u0000\u0000\u0000\u0000\u0000\u0000\u0000\u0000\u0000\u0000\u0000\u0000\u0000\u0000\u0000\u0000\u0000\u0000\u0000\u0000\u0000\u0000\u0000\u0000\u0000\u0000\u0000\u0000\u0000\u0000\u0000\u0000\u0000\u0000\u0000\u0000\u0000\u0000\u0000\u0000\u0000\u0000\u0000\u0000\u0000\u0000\u0000\u0000\u0000\u0000\u0000\u0000\u0000\u0000\u0000\u0000\u0000\u0000\u0000\u0000\u0000\u0000\u0000\u0000\u0000\u0000\u0000\u0000\u0000\u0000\u0000\u0000\u0000\u0000\u0000\u0000\u0000\u0000\u0000\u0000\u0000\u0000\u0000\u0000\u0000\u0000\u0000\u0000\u0000\u0000\u0000\u0000\u0000\u0000\u0000\u0000\u0000\u0000\u0000\u0000\u0000\u0000\u0000\u0000\u0000\u0000\u0000\u0000\u0000\u0000\u0000\u0000\u0000\u0000\u0000\u0000\u0000\u0000"
    },
    "OutlineRendererComponent": {
        "Color": [
            0.9200000166893005,
            0.6700000166893005,
            0.20000000298023224
        ]
    },
    "ParentID": 0,
    "ParticleEmitterComponent": {
        "Additive": false,
        "ColorOverLifetime": {
            "Enabled": true,
            "Gradient": {
                "End": [
                    0.3713904321193695,
                    0.04733758792281151,
                    0.9656862616539001,
                    0.0784313753247261
                ],
                "Start": [
                    0.10252135246992111,
                    0.008217990398406982,
                    0.18627452850341797,
                    1.0
                ]
            }
        },
        "Emission": {
            "Enabled": true,
            "SpawnRate": 20.0
        },
        "Main": {
            "Duration": 5.0,
            "Enabled": true,
            "Loop": true,
            "MaxParticles": 100,
            "StartColor": [
                1.0,
                1.0,
                1.0,
                1.0
            ],
            "StartLifetime": 3.0,
            "StartSize": [
                0.029999999329447746,
                0.029999999329447746
            ],
            "StartVelocity": 0.800000011920929
        },
        "Shape": {
            "Angle": 60.0,
            "Arc": 360.0,
            "Enabled": true,
            "Radius": 3.0,
            "RandomPositionOffset": 1.0,
            "RandomizeDirection": 1.0,
            "Scale": [
                1.0,
                1.0,
                1.0
            ],
            "SpawnMode": "Random",
            "Type": "Cone"
        },
        "SizeOverLifetime": {
            "Enabled": false,
            "Modifier": {
                "CurveShape": "Constant",
                "Max": 1.0,
                "Min": 1.0
            }
        },
        "Texture": {
            "Resource": "."
        },
        "VelocityOverLifetime": {
            "Enabled": true,
            "Modifier": {
                "CurveShape": "Constant",
                "Max": 1.0,
                "Min": 1.0
            }
        }
    },
    "TransformComponent": {
        "Position": [
            0.0,
            5.0,
            -7.820000171661377
        ],
        "Rotation": [
            0.0,
            0.0,
            -90.0
        ],
        "Scale": [
            1.0,
            1.0,
            1.0
        ]
    }
}