{
    "ColliderRendererComponent": {},
    "ID": 13,
    "NameComponent": {
        "Name": "SinCurve\u0000\u0000\u0000\u0000\u0000\u0000\u0000\u0000\u0000\u0000\u0000\u0000\u0000\u0000\u0000\u0000\u0000\u0000\u0000\u0000\u0000\u0000\u0000\u0000\u0000\u0000\u0000\u0000\u0000\u0000\u0000\u0000\u0000\u0000\u0000\u0000\u0000\u0000\u0000\u0000\u0000\u0000\u0000\u0000\u0000\u0000\u0000\u0000\u0000\u0000\u0000\u0000\u0000\u0000\u0000\u0000\u0000\u0000\u0000\u0000\u0000\u0000\u0000\u0000\u0000\u0000\u0000\u0000\u0000\u0000\u0000\u0000\u0000\u0000\u0000\u0000\u0000\u0000\u0000\u0000\u0000\u0000\u0000\u0000\u0000\u0000\u0000\u0000\u0000\u0000\u0000\u0000\u0000\u0000\u0000\u0000\u0000\u0000\u0000\u0000\u0000\u0000\u0000\u0000\u0000\u0000\u0000\u0000\u0000\u0000\u0000\u0000\u0000\u0000\u0000\u0000\u0000\u0000\u0000\u0000\u0000\u0000\u0000\u0000\u0000\u0000\u0000\u0000\u0000\u0000\u0000\u0000\u0000\u0000\u0000\u0000\u0000\u0000\u0000\u0000\u0000\u0000\u0000\u0000\u0000\u0000\u0000\u0000\u0000\u0000\u0000\u0000\u0000\u0000\u0000\u0000\u0000\u0000\u0000\u0000\u0000\u0000\u0000\u0000\u0000\u0000\u0000\u0000\u0000\u0000\u0000\u0000\u0000\u0000\u0000\u0000\u0000\u0000\u0000\u0000\u0000\u0000\u0000\u0000\u0000\u0000\u0000\u0000\u0000\u0000\u0000\u0000\u0000\u0000\u0000\u0000\u0000\u0000\u0000\u0000\u0000\u0000\u0000\u0000\u0000\u0000\u0000\u0000\u0000\u0000\u0000\u0000\u0000\u0000\u0000\u0000\u0000\u0000\u0000\u0000\u0000\u0000\u0000\u0000\u0000\u0000\u0000\u0000\u0000\u0000\u0000\u0000\u0000\u0000\u0000\u0000\u0000\u0000\u0000\u0000\u0000\u0000\u0000\u0000\u0000\u0000\u0000\u0000"
    },
    "OutlineRendererComponent": {
        "Color": [
            0.9200000166893005,
            0.6700000166893005,
            0.20000000298023224
        ]
    },
    "ParentID": 0,
    "ParticleEmitterComponent": {
        "Additive": false,
        "ColorOverLifetime": {
            "Enabled": true,
            "Gradient": {
                "End": [
                    0.03157437965273857,
                    0.7156862616539001,
                    0.5935234427452087,
                    1.0
                ],
                "Start": [
                    0.05788077786564827,
                    0.014009039849042892,
                    0.2598039507865906,
                    1.0
                ]
            }
        },
        "Emission": {
            "Enabled": true,
            "SpawnRate": 50.0
        },
        "Main": {
            "Duration": 5.0,
            "Enabled": true,
            "Loop": true,
            "MaxParticles": 1000,
            "StartColor": [
                1.0,
                1.0,
                1.0,
                1.0
            ],
            "StartLifetime": 3.0,
            "StartSize": [
                0.20000000298023224,
                0.20000000298023224
            ],
            "StartVelocity": 1.0
        },
        "Shape": {
            "Angle": 60.0,
            "Arc": 360.0,
            "Enabled": true,
            "Radius": 0.20000000298023224,
            "RandomPositionOffset": 1.0,
            "RandomizeDirection": 1.0,
            "Scale": [
                1.0,
                1.0,
                1.0
            ],
            "SpawnMode": "Random",
            "Type": "Sphere"
        },
        "SizeOverLifetime": {
            "Enabled": true,
            "Modifier": {
                "CurveShape": "Sin",
                "Max": 1.0,
                "Min": 0.5
            }
        },
        "Texture": {
            "Resource": "."
        },
        "VelocityOverLifetime": {
            "Enabled": false,
            "Modifier": {
                "CurveShape": "Constant",
                "Max": 1.0,
                "Min": 1.0
            }
        }
    },
    "TransformComponent": {
        "Position": [
            -5.0,
            0.0,
            0.0
        ],
        "Rotation": [
            0.0,
            0.0,
            0.0
        ],
        "Scale": [
            1.0,
            1.0,
            1.0
        ]
    }
}