{
    "ID": 19,
    "NameComponent": {
        "Name": "Spawner 2\u0000\u0000\u0000\u0000\u0000\u0000\u0000\u0000\u0000\u0000\u0000\u0000\u0000\u0000\u0000\u0000\u0000\u0000\u0000\u0000\u0000\u0000\u0000\u0000\u0000\u0000\u0000\u0000\u0000\u0000\u0000\u0000\u0000\u0000\u0000\u0000\u0000\u0000\u0000\u0000\u0000\u0000\u0000\u0000\u0000\u0000\u0000\u0000\u0000\u0000\u0000\u0000\u0000\u0000\u0000\u0000\u0000\u0000\u0000\u0000\u0000\u0000\u0000\u0000\u0000\u0000\u0000\u0000\u0000\u0000\u0000\u0000\u0000\u0000\u0000\u0000\u0000\u0000\u0000\u0000\u0000\u0000\u0000\u0000\u0000\u0000\u0000\u0000\u0000\u0000\u0000\u0000\u0000\u0000\u0000\u0000\u0000\u0000\u0000\u0000\u0000\u0000\u0000\u0000\u0000\u0000\u0000\u0000\u0000\u0000\u0000\u0000\u0000\u0000\u0000\u0000\u0000\u0000\u0000\u0000\u0000\u0000\u0000\u0000\u0000\u0000\u0000\u0000\u0000\u0000\u0000\u0000\u0000\u0000\u0000\u0000\u0000\u0000\u0000\u0000\u0000\u0000\u0000\u0000\u0000\u0000\u0000\u0000\u0000\u0000\u0000\u0000\u0000\u0000\u0000\u0000\u0000\u0000\u0000\u0000\u0000\u0000\u0000\u0000\u0000\u0000\u0000\u0000\u0000\u0000\u0000\u0000\u0000\u0000\u0000\u0000\u0000\u0000\u0000\u0000\u0000\u0000\u0000\u0000\u0000\u0000\u0000\u0000\u0000\u0000\u0000\u0000\u0000\u0000\u0000\u0000\u0000\u0000\u0000\u0000\u0000\u0000\u0000\u0000\u0000\u0000\u0000\u0000\u0000\u0000\u0000\u0000\u0000\u0000\u0000\u0000\u0000\u0000\u0000\u0000\u0000\u0000\u0000\u0000\u0000\u0000\u0000\u0000\u0000\u0000\u0000\u0000\u0000\u0000\u0000\u0000\u0000\u0000\u0000\u0000\u0000\u0000\u0000\u0000\u0000\u0000\u0000"
    },
    "ParentID": 0,
    "ParticleEmitterComponent": {
        "Additive": false,
        "ColorOverLifetime": {
            "Enabled": true,
            "Gradient": {
                "End": [
                    0.24269510805606842,
                    0.4950980544090271,
                    0.26496586203575134,
                    0.0
                ],
                "Start": [
                    0.031286053359508514,
                    0.9117646813392639,
                    0.39383581280708313,
                    1.0
                ]
            }
        },
        "Emission": {
            "Enabled": true,
            "SpawnRate": 1000.0
        },
        "Main": {
            "Duration": 5.0,
            "Enabled": false,
            "Loop": true,
            "MaxParticles": 10000,
            "StartColor": [
                1.0,
                1.0,
                1.0,
                1.0
            ],
            "StartLifetime": 0.30000001192092896,
            "StartSize": [
                0.05000000074505806,
                0.05000000074505806
            ],
            "StartVelocity": 4.0
        },
        "Shape": {
            "Angle": 60.0,
            "Arc": 360.0,
            "Enabled": true,
            "Radius": 1.0,
            "RandomPositionOffset": 1.0,
            "RandomizeDirection": 1.0,
            "Scale": [
                1.0,
                1.0,
                1.0
            ],
            "SpawnMode": "Random",
            "Type": "Sphere"
        },
        "SizeOverLifetime": {
            "Enabled": true,
            "Modifier": {
                "CurveShape": "LinearDown",
                "Max": 0.30000001192092896,
                "Min": 1.0
            }
        },
        "VelocityOverLifetime": {
            "Enabled": false,
            "Modifier": {
                "CurveShape": "Constant",
                "Max": 1.0,
                "Min": 1.0
            }
        }
    },
    "TransformComponent": {
        "Position": [
            0.0,
            4.0,
            0.0
        ],
        "Rotation": [
            0.0,
            0.0,
            0.0
        ],
        "Scale": [
            1.0,
            1.0,
            1.0
        ]
    }
}